system:time_start,NDVI
"May 9, 1984",0.386
"May 9, 1984",0.056
"Sep 30, 1984",0.061
"Nov 26, 1984",0.211
"Nov 26, 1984",0.116
"Dec 3, 1984",0.409
"Dec 3, 1984",0.256
"Jan 13, 1985",0.226
"Jan 13, 1985",0.169
"Mar 2, 1985",0.099
"Mar 2, 1985",0.112
"Mar 9, 1985",0.318
"Mar 9, 1985",0.245
"Mar 25, 1985",0.25
"Apr 10, 1985",0.379
"Apr 10, 1985",0.351
"Jan 23, 1986",0.323
"Feb 1, 1986",0.204
"Apr 29, 1986",0.496
"Apr 29, 1986",0.054
"May 15, 1986",0.484
"Jun 16, 1986",0.451
"Jun 16, 1986",0.505
"Aug 3, 1986",0.558
"Aug 3, 1986",0.377
"Aug 19, 1986",0.527
"Aug 19, 1986",0.474
"Sep 4, 1986",0.477
"Sep 4, 1986",0.386
"Sep 20, 1986",0.492
"Sep 20, 1986",0.405
"Oct 6, 1986",0.432
"Oct 6, 1986",0.416
"Oct 22, 1986",0.467
"Oct 22, 1986",0.409
"Nov 23, 1986",0.416
"Nov 23, 1986",0.377
"Dec 25, 1986",0.538
"Dec 25, 1986",0.404
"Jan 26, 1987",0.437
"Jan 26, 1987",0.272
"Feb 27, 1987",0.23
"Mar 15, 1987",0.217
"May 2, 1987",0.475
"May 2, 1987",0.355
"May 18, 1987",0.477
"May 18, 1987",0.487
"Jun 3, 1987",0.525
"Jun 3, 1987",0.496
"Jun 19, 1987",0.521
"Jun 19, 1987",0.456
"Jul 5, 1987",0.528
"Jul 5, 1987",0.38
"Jul 21, 1987",0.345
"Aug 6, 1987",0.495
"Aug 6, 1987",0.362
"Aug 22, 1987",0.471
"Aug 22, 1987",0.349
"Sep 7, 1987",0.591
"Sep 7, 1987",0.401
"Sep 23, 1987",0.516
"Sep 23, 1987",0.363
"Oct 9, 1987",0.423
"Oct 9, 1987",0.357
"Mar 26, 1991",0.298
"Mar 26, 1991",0.26
"Apr 11, 1991",0.31
"Apr 11, 1991",0.295
"Apr 27, 1991",0.394
"Apr 27, 1991",0.334
"Oct 12, 1994",0.475
"Oct 12, 1994",0.442
"Nov 22, 1994",0.258
"Nov 22, 1994",0.169
"Nov 29, 1994",0.423
"Nov 29, 1994",0.372
"Dec 8, 1994",0.285
"Dec 8, 1994",0.208
"Dec 15, 1994",0.452
"Dec 24, 1994",0.304
"Dec 24, 1994",0.174
"Jan 9, 1995",0.285
"Feb 1, 1995",0.429
"Feb 10, 1995",0.292
"Feb 26, 1995",0.14
"Feb 26, 1995",0.134
"Mar 30, 1995",0.2
"Mar 30, 1995",0.153
"May 17, 1995",0.213
"May 17, 1995",0.098
"May 24, 1995",0.337
"Jul 30, 1999",0.568
"Jul 30, 1999",0.564
"Sep 25, 1999",0.456
"Sep 25, 1999",0.273
"Oct 18, 1999",0.475
"Nov 3, 1999",0.556
"Nov 3, 1999",0.421
"Nov 12, 1999",0.26
"Nov 12, 1999",0.173
"Nov 19, 1999",0.41
"Dec 14, 1999",0.268
"Jan 15, 2000",0.163
"Jan 15, 2000",0.053
"Jan 22, 2000",0.484
"Jan 22, 2000",0.398
"Jan 31, 2000",0.142
"Feb 23, 2000",0.415
"Mar 19, 2000",0.231
"Apr 4, 2000",0.199
"Apr 4, 2000",0.121
"Apr 11, 2000",0.496
"Apr 11, 2000",0.291
"Apr 27, 2000",0.447
"Apr 27, 2000",0.384
"May 29, 2000",0.575
"May 29, 2000",0.451
"Jun 30, 2000",0.596
"Jun 30, 2000",0.544
"Jul 16, 2000",0.572
"Jul 16, 2000",0.474
"Sep 11, 2000",0.255
"Sep 11, 2000",0.151
"Sep 18, 2000",0.583
"Sep 18, 2000",0.36
"Oct 4, 2000",0.4
"Oct 20, 2000",0.585
"Oct 20, 2000",0.401
"Oct 29, 2000",0.32
"Oct 29, 2000",0.178
"Nov 5, 2000",0.563
"Nov 5, 2000",0.476
"Nov 14, 2000",0.284
"Nov 21, 2000",0.51
"Nov 21, 2000",0.379
"Dec 7, 2000",0.504
"Dec 7, 2000",0.387
"Dec 16, 2000",0.255
"Dec 16, 2000",0.166
"Dec 23, 2000",0.524
"Dec 23, 2000",0.405
"Jan 8, 2001",0.332
"Jan 17, 2001",0.192
"Jan 17, 2001",0.092
"Jan 24, 2001",0.409
"Jan 24, 2001",0.14
"Feb 2, 2001",0.187
"Feb 2, 2001",0.175
"Feb 9, 2001",0.409
"Feb 9, 2001",0.313
"Feb 25, 2001",0.327
"Feb 25, 2001",0.3
"Mar 6, 2001",0.089
"Mar 6, 2001",0.089
"Mar 13, 2001",0.35
"Mar 13, 2001",0.301
"Mar 22, 2001",0.174
"Mar 22, 2001",0.108
"Apr 30, 2001",0.559
"Jul 19, 2001",0.615
"Jul 19, 2001",0.538
"Aug 4, 2001",0.587
"Aug 13, 2001",0.307
"Aug 13, 2001",0.163
"Sep 5, 2001",0.593
"Sep 5, 2001",0.468
"Sep 14, 2001",0.268
"Sep 21, 2001",0.607
"Sep 21, 2001",0.491
"Sep 30, 2001",0.254
"Sep 30, 2001",0.16
"Oct 7, 2001",0.554
"Oct 7, 2001",0.474
"Oct 16, 2001",0.299
"Oct 23, 2001",0.463
"Oct 23, 2001",0.384
"Nov 8, 2001",0.484
"Nov 8, 2001",0.397
"Nov 17, 2001",0.297
"Nov 17, 2001",0.162
"Nov 24, 2001",0.525
"Nov 24, 2001",0.44
"Dec 10, 2001",0.515
"Dec 10, 2001",0.427
"Feb 5, 2002",0.256
"Feb 5, 2002",0.155
"Feb 12, 2002",0.343
"Feb 12, 2002",0.333
"Feb 21, 2002",0.208
"Feb 28, 2002",0.387
"Feb 28, 2002",0.073
"Mar 16, 2002",0.393
"Mar 16, 2002",0.302
"Mar 25, 2002",0.196
"Mar 25, 2002",0.143
"Apr 1, 2002",0.28
"Apr 1, 2002",0.166
"Apr 17, 2002",0.427
"Apr 17, 2002",0.408
"May 12, 2002",0.228
"May 19, 2002",-0.476
"Jun 4, 2002",0.548
"Jul 6, 2002",0.585
"Jul 6, 2002",0.479
"Jul 15, 2002",0.179
"Jul 15, 2002",0.135
"Jul 22, 2002",0.55
"Jul 22, 2002",0.496
"Jul 31, 2002",0.305
"Jul 31, 2002",0.188
"Aug 23, 2002",0.541
"Aug 23, 2002",0.485
"Sep 8, 2002",0.546
"Sep 8, 2002",0.499
"Oct 3, 2002",0.262
"Oct 3, 2002",0.144
"Oct 26, 2002",0.556
"Nov 4, 2002",0.251
"Nov 11, 2002",0.588
"Nov 11, 2002",0.442
"Nov 27, 2002",0.579
"Dec 13, 2002",0.529
"Dec 22, 2002",0.187
"Dec 22, 2002",0.127
"Dec 29, 2002",0.511
"Jan 14, 2003",0.511
"Jan 23, 2003",0.051
"Jan 30, 2003",0.524
"Jan 30, 2003",0.49
"Feb 8, 2003",0.155
"Feb 15, 2003",0.306
"Mar 3, 2003",0.399
"Mar 3, 2003",0.309
"Mar 12, 2003",0.065
"Mar 12, 2003",0.059
"Mar 19, 2003",0.321
"Mar 19, 2003",0.271
"Mar 28, 2003",0.144
"Apr 4, 2003",0.31
"May 6, 2003",0.434
"May 15, 2003",0.266
"May 15, 2003",0.189
"Jul 25, 2003",0.596
"Jul 25, 2003",0.544
"Aug 26, 2003",0.519
"Sep 27, 2003",0.503
"Sep 27, 2003",0.441
"Oct 6, 2003",0.222
"Oct 6, 2003",0.139
"Oct 13, 2003",0.462
"Oct 13, 2003",0.362
"Oct 22, 2003",0.189
"Nov 7, 2003",0.261
"Nov 7, 2003",0.168
"Nov 14, 2003",0.497
"Nov 30, 2003",0.517
"Nov 30, 2003",0.508
"Dec 16, 2003",0.566
"Dec 16, 2003",0.514
"Dec 25, 2003",0.291
"Dec 25, 2003",0.187
"Jan 17, 2004",0.364
"Feb 18, 2004",0.393
"Feb 18, 2004",0.356
"Feb 27, 2004",0.131
"Feb 27, 2004",0.071
"Mar 21, 2004",0.351
"Mar 21, 2004",0.303
"Apr 6, 2004",0.303
"Apr 6, 2004",0.194
"Apr 15, 2004",0.177
"Apr 15, 2004",0.135
"Apr 22, 2004",0.435
"May 17, 2004",0.18
"May 17, 2004",0.108
"May 24, 2004",0.4
"Jun 25, 2004",0.523
"Jul 27, 2004",0.581
"Jul 27, 2004",0.475
"Aug 12, 2004",0.501
"Aug 28, 2004",0.459
"Sep 6, 2004",0.266
"Sep 13, 2004",
"Sep 13, 2004",
"Sep 22, 2004",0.313
"Sep 22, 2004",0.257
"Sep 29, 2004",0.502
"Sep 29, 2004",0.438
"Oct 31, 2004",0.57
"Oct 31, 2004",0.433
"Nov 9, 2004",0.275
"Nov 9, 2004",0.163
"Nov 16, 2004",0.517
"Nov 16, 2004",0.47
"Nov 25, 2004",0.326
"Nov 25, 2004",0.242
"Dec 2, 2004",0.558
"Dec 2, 2004",0.516
"Dec 11, 2004",0.342
"Dec 11, 2004",0.233
"Dec 18, 2004",0.589
"Dec 18, 2004",0.492
"Dec 27, 2004",0.238
"Dec 27, 2004",0.152
"Jan 3, 2005",0.524
"Jan 3, 2005",0.443
"Jan 19, 2005",0.427
"Jan 19, 2005",0.346
"Feb 4, 2005",0.412
"Feb 4, 2005",0.316
"Feb 13, 2005",0.146
"Feb 13, 2005",0.127
"Mar 1, 2005",0.204
"Mar 1, 2005",0.152
"Mar 17, 2005",0.141
"Mar 17, 2005",0.093
"Apr 2, 2005",0.192
"Apr 18, 2005",0.188
"Apr 18, 2005",0.134
"Apr 25, 2005",0.425
"Apr 25, 2005",0.332
"May 11, 2005",
"May 20, 2005",0.25
"May 20, 2005",0.098
"Jun 12, 2005",0.563
"Jul 14, 2005",0.559
"Jul 14, 2005",0.512
"Jul 30, 2005",
"Sep 16, 2005",0.418
"Oct 11, 2005",0.268
"Oct 18, 2005",0.528
"Oct 18, 2005",0.413
"Oct 27, 2005",0.325
"Oct 27, 2005",0.161
"Nov 19, 2005",0.407
"Dec 5, 2005",0.484
"Dec 5, 2005",0.422
"Dec 14, 2005",0.207
"Dec 14, 2005",0.163
"Dec 30, 2005",0.239
"Dec 30, 2005",0.147
"Jan 6, 2006",0.427
"Jan 15, 2006",0.137
"Jan 15, 2006",0.067
"Jan 22, 2006",0.436
"Jan 22, 2006",0.341
"Feb 7, 2006",0.39
"Feb 7, 2006",0.355
"Feb 23, 2006",0.346
"Feb 23, 2006",0.317
"Mar 11, 2006",0.355
"Mar 11, 2006",0.312
"Mar 27, 2006",0.343
"Mar 27, 2006",0.306
"Apr 12, 2006",0.258
"May 23, 2006",0.331
"May 23, 2006",0.261
"Jun 15, 2006",0.551
"Jul 26, 2006",0.311
"Jul 26, 2006",0.241
"Aug 27, 2006",0.224
"Aug 27, 2006",0.161
"Sep 12, 2006",0.22
"Oct 21, 2006",0.596
"Nov 6, 2006",0.529
"Nov 6, 2006",0.413
"Nov 15, 2006",0.307
"Nov 22, 2006",0.145
"Dec 1, 2006",0.303
"Dec 8, 2006",0.598
"Dec 8, 2006",0.552
"Jan 9, 2007",0.594
"Jan 9, 2007",0.526
"Jan 18, 2007",0.324
"Jan 25, 2007",0.416
"Feb 3, 2007",0.216
"Feb 10, 2007",0.473
"Mar 7, 2007",0.155
"Mar 7, 2007",0.117
"Mar 23, 2007",0.173
"Mar 23, 2007",0.108
"Mar 30, 2007",0.419
"Mar 30, 2007",0.361
"Apr 8, 2007",0.169
"Apr 8, 2007",0.092
"Apr 15, 2007",0.409
"Apr 24, 2007",0.383
"May 1, 2007",0.48
"May 1, 2007",0.422
"Aug 5, 2007",0.478
"Aug 14, 2007",0.281
"Aug 14, 2007",0.16
"Aug 30, 2007",
"Aug 30, 2007",
"Sep 15, 2007",0.094
"Sep 22, 2007",0.548
"Sep 22, 2007",0.471
"Oct 1, 2007",0.277
"Oct 8, 2007",0.596
"Oct 8, 2007",0.41
"Oct 17, 2007",0.311
"Oct 17, 2007",0.192
"Oct 24, 2007",0.597
"Oct 24, 2007",0.408
"Nov 2, 2007",0.31
"Nov 2, 2007",0.179
"Nov 9, 2007",0.49
"Nov 9, 2007",0.398
"Nov 18, 2007",0.38
"Nov 18, 2007",0.347
"Nov 25, 2007",0.507
"Nov 25, 2007",0.473
"Dec 4, 2007",0.3
"Dec 4, 2007",0.209
"Dec 11, 2007",0.502
"Dec 11, 2007",0.399
"Dec 20, 2007",0.248
"Dec 27, 2007",0.526
"Dec 27, 2007",0.402
"Jan 5, 2008",0.121
"Jan 5, 2008",0.078
"Jan 12, 2008",0.469
"Jan 28, 2008",0.485
"Feb 29, 2008",0.371
"Mar 9, 2008",0.161
"Mar 9, 2008",0.114
"Mar 16, 2008",0.319
"Mar 16, 2008",0.241
"Apr 1, 2008",0.388
"Apr 1, 2008",0.304
"Apr 17, 2008",0.465
"Apr 17, 2008",0.405
"Apr 26, 2008",0.219
"Apr 26, 2008",0.125
"Jun 5, 2008",0.333
"Jun 5, 2008",0.191
"Jun 12, 2008",0.449
"Jun 12, 2008",0.346
"Jul 22, 2008",0.502
"Aug 23, 2008",0.588
"Sep 8, 2008",0.554
"Sep 8, 2008",0.425
"Sep 9, 2008",0.289
"Sep 9, 2008",0.179
"Sep 16, 2008",0.482
"Sep 16, 2008",0.335
"Sep 24, 2008",0.495
"Sep 24, 2008",0.419
"Sep 25, 2008",0.212
"Sep 25, 2008",0.127
"Oct 3, 2008",0.182
"Oct 3, 2008",0.127
"Oct 10, 2008",0.513
"Oct 10, 2008",0.348
"Oct 19, 2008",0.216
"Oct 19, 2008",0.134
"Oct 26, 2008",0.435
"Oct 26, 2008",0.356
"Nov 4, 2008",0.121
"Nov 11, 2008",0.399
"Nov 11, 2008",0.373
"Nov 20, 2008",0.482
"Nov 20, 2008",0.049
"Nov 27, 2008",0.49
"Nov 27, 2008",0.428
"Dec 6, 2008",0.239
"Dec 6, 2008",0.188
"Dec 13, 2008",0.444
"Dec 22, 2008",0.142
"Dec 29, 2008",0.398
"Dec 29, 2008",0.336
"Jan 7, 2009",0.122
"Jan 7, 2009",0.011
"Jan 23, 2009",0.188
"Jan 23, 2009",0.128
"Jan 30, 2009",0.334
"Jan 30, 2009",0.211
"Feb 15, 2009",0.318
"Feb 15, 2009",0.242
"Feb 24, 2009",0.21
"Feb 24, 2009",0.007
"Mar 3, 2009",0.339
"Mar 3, 2009",0.231
"Mar 12, 2009",0.112
"Mar 12, 2009",0.074
"Mar 19, 2009",0.345
"Mar 19, 2009",0.295
"Mar 28, 2009",0.138
"Mar 28, 2009",0.062
"Apr 4, 2009",0.321
"Apr 4, 2009",0.275
"Apr 13, 2009",0.172
"Apr 13, 2009",0.102
"Apr 20, 2009",0.309
"Apr 29, 2009",0.213
"Apr 29, 2009",0.078
"May 6, 2009",0.35
"May 6, 2009",0.312
"May 22, 2009",0.507
"May 31, 2009",0.308
"Jun 8, 2009",0.235
"Jun 8, 2009",0.155
"Jun 15, 2009",0.441
"Jun 16, 2009",0.295
"Jun 23, 2009",0.558
"Jun 23, 2009",0.52
"Jun 24, 2009",0.341
"Jun 24, 2009",0.218
"Jul 1, 2009",0.441
"Jul 1, 2009",0.345
"Jul 9, 2009",0.606
"Jul 9, 2009",0.479
"Jul 10, 2009",0.427
"Jul 10, 2009",0.15
"Sep 11, 2009",0.447
"Sep 11, 2009",0.32
"Sep 27, 2009",0.48
"Sep 27, 2009",0.325
"Oct 13, 2009",0.492
"Oct 13, 2009",-0.163
"Oct 22, 2009",0.229
"Oct 22, 2009",0.131
"Nov 6, 2009",0.412
"Nov 6, 2009",0.327
"Nov 7, 2009",0.333
"Nov 14, 2009",0.588
"Nov 14, 2009",0.381
"Nov 22, 2009",0.485
"Nov 22, 2009",0.367
"Nov 23, 2009",0.305
"Nov 23, 2009",0.235
"Nov 30, 2009",0.515
"Nov 30, 2009",0.396
"Dec 1, 2009",0.339
"Dec 1, 2009",0.257
"Dec 8, 2009",0.465
"Dec 8, 2009",0.327
"Dec 9, 2009",0.396
"Dec 9, 2009",0.319
"Dec 16, 2009",0.522
"Dec 16, 2009",0.299
"Dec 17, 2009",0.379
"Dec 17, 2009",0.27
"Jan 1, 2010",0.54
"Jan 1, 2010",0.432
"Jan 18, 2010",0.198
"Jan 18, 2010",0.167
"Jan 25, 2010",0.396
"Jan 26, 2010",0.196
"Jan 26, 2010",0.152
"Feb 2, 2010",0.48
"Feb 2, 2010",0.382
"Feb 3, 2010",0.162
"Feb 10, 2010",0.386
"Feb 10, 2010",0.317
"Feb 18, 2010",0.418
"Feb 18, 2010",0.379
"Feb 27, 2010",0.232
"Feb 27, 2010",0.202
"Mar 6, 2010",0.428
"Mar 6, 2010",0.409
"Mar 15, 2010",0.222
"Mar 15, 2010",0.136
"Mar 31, 2010",0.182
"Mar 31, 2010",0.077
"Apr 7, 2010",0.47
"Apr 7, 2010",0.385
"Apr 23, 2010",0.46
"Apr 23, 2010",
"May 2, 2010",0.307
"May 18, 2010",0.297
"May 18, 2010",0.204
"May 25, 2010",0.569
"May 25, 2010",0.432
"Jun 3, 2010",0.382
"Jul 21, 2010",0.371
"Aug 21, 2010",0.452
"Aug 21, 2010",0.328
"Aug 30, 2010",0.326
"Aug 30, 2010",0.14
"Sep 23, 2010",0.288
"Sep 30, 2010",0.486
"Oct 25, 2010",0.242
"Nov 1, 2010",0.419
"Nov 2, 2010",0.19
"Nov 2, 2010",0.075
"Nov 9, 2010",0.414
"Nov 9, 2010",0.301
"Nov 10, 2010",0.256
"Nov 17, 2010",0.53
"Nov 26, 2010",0.225
"Dec 3, 2010",0.534
"Dec 3, 2010",0.174
"Dec 4, 2010",0.219
"Dec 4, 2010",0.174
"Dec 11, 2010",0.271
"Dec 11, 2010",0.038
"Dec 12, 2010",0.229
"Dec 12, 2010",0.133
"Dec 19, 2010",0.468
"Dec 20, 2010",0.209
"Dec 28, 2010",0.213
"Dec 28, 2010",0.141
"Jan 4, 2011",0.367
"Jan 4, 2011",0.259
"Jan 5, 2011",0.111
"Jan 12, 2011",0.187
"Jan 13, 2011",0.105
"Jan 20, 2011",0.383
"Jan 20, 2011",0.279
"Feb 5, 2011",0.431
"Feb 5, 2011",0.218
"Mar 2, 2011",0.158
"Mar 9, 2011",0.359
"Mar 18, 2011",0.155
"Mar 25, 2011",0.266
"Apr 3, 2011",0.188
"Apr 10, 2011",0.32
"Apr 19, 2011",0.214
"May 5, 2011",0.289
"Jun 30, 2011",0.27
"Jun 30, 2011",0.164
"Jul 23, 2011",0.412
"Aug 1, 2011",0.252
"Aug 1, 2011",0.093
"Aug 17, 2011",0.382
"Aug 25, 2011",0.252
"Aug 25, 2011",0.136
"Sep 1, 2011",0.481
"Sep 1, 2011",0.256
"Sep 9, 2011",0.326
"Sep 9, 2011",0.182
"Sep 10, 2011",0.18
"Sep 10, 2011",0.045
"Sep 17, 2011",0.419
"Sep 17, 2011",0.246
"Sep 26, 2011",0.266
"Sep 26, 2011",0.203
"Oct 3, 2011",0.402
"Oct 4, 2011",0.213
"Oct 4, 2011",0.11
"Oct 19, 2011",0.494
"Oct 27, 2011",0.492
"Oct 27, 2011",0.264
"Oct 28, 2011",0.306
"Nov 4, 2011",0.562
"Nov 4, 2011",0.362
"Nov 5, 2011",0.3
"Nov 5, 2011",0.17
"Nov 13, 2011",0.183
"Nov 20, 2011",0.49
"Nov 20, 2011",0.387
"Nov 29, 2011",0.296
"Dec 6, 2011",0.541
"Dec 6, 2011",0.428
"Dec 22, 2011",0.565
"Dec 22, 2011",0.451
"Dec 31, 2011",0.315
"Dec 31, 2011",0.237
"Jan 7, 2012",0.553
"Jan 23, 2012",0.499
"Feb 1, 2012",0.253
"Feb 8, 2012",0.481
"Feb 8, 2012",0.317
"Mar 27, 2012",0.351
"Mar 27, 2012",0.259
"Apr 5, 2012",0.146
"Apr 5, 2012",0.085
"Apr 12, 2012",0.354
"Apr 12, 2012",0.262
"Apr 28, 2012",0.322
"May 7, 2012",0.136
"May 7, 2012",0.035
"May 23, 2012",0.298
"May 30, 2012",0.558
"May 30, 2012",0.457
"Jun 8, 2012",0.304
"Jun 15, 2012",0.472
"Jun 24, 2012",0.084
"Jul 17, 2012",
"Jul 17, 2012",0.307
"Jul 26, 2012",0.296
"Aug 18, 2012",0.424
"Aug 18, 2012",0.261
"Sep 3, 2012",0.485
"Sep 3, 2012",0.29
"Sep 12, 2012",0.194
"Sep 12, 2012",0.067
"Sep 19, 2012",0.478
"Sep 19, 2012",0.223
"Sep 28, 2012",0.238
"Sep 28, 2012",0.14
"Oct 5, 2012",0.469
"Oct 5, 2012",0.267
"Oct 21, 2012",0.523
"Oct 21, 2012",0.312
"Oct 30, 2012",0.285
"Oct 30, 2012",0.197
"Nov 6, 2012",0.533
"Nov 6, 2012",0.246
"Nov 15, 2012",0.264
"Nov 15, 2012",0.138
"Nov 22, 2012",0.453
"Nov 22, 2012",0.383
"Dec 1, 2012",0.224
"Dec 1, 2012",0.13
"Dec 8, 2012",0.421
"Dec 8, 2012",0.251
"Dec 24, 2012",0.465
"Dec 24, 2012",0.329
"Jan 9, 2013",0.426
"Jan 9, 2013",0.306
"Jan 18, 2013",0.192
"Jan 25, 2013",0.415
"Jan 25, 2013",0.279
"Feb 3, 2013",0.212
"Feb 19, 2013",0.148
"Feb 19, 2013",0.039
"Mar 7, 2013",0.146
"Mar 7, 2013",0.096
"Mar 14, 2013",0.348
"Mar 14, 2013",0.204
"Mar 23, 2013",0.161
"Mar 23, 2013",0.106
"Apr 8, 2013",0.146
"Apr 8, 2013",0.116
"Apr 9, 2013",0.38
"Apr 16, 2013",0.554
"Apr 16, 2013",0.54
"Apr 23, 2013",0.569
"Apr 23, 2013",0.495
"May 1, 2013",0.391
"May 1, 2013",0.305
"May 2, 2013",0.056
"May 17, 2013",0.497
"May 17, 2013",0.397
"May 18, 2013",0.312
"May 25, 2013",
"May 25, 2013",
"Jun 3, 2013",0.51
"Jun 10, 2013",0.564
"Jun 10, 2013",0.534
"Jun 19, 2013",0.737
"Jun 26, 2013",0.531
"Jun 26, 2013",0.429
"Jul 4, 2013",0.512
"Jul 4, 2013",0.367
"Jul 5, 2013",0.721
"Jul 5, 2013",
"Jul 12, 2013",0.679
"Jul 12, 2013",0.67
"Jul 20, 2013",0.289
"Jul 20, 2013",0.253
"Jul 21, 2013",0.355
"Jul 21, 2013",0.259
"Jul 28, 2013",0.577
"Jul 28, 2013",0.463
"Aug 5, 2013",0.423
"Aug 5, 2013",0.306
"Aug 6, 2013",0.347
"Aug 6, 2013",0.245
"Aug 13, 2013",0.568
"Aug 13, 2013",0.48
"Aug 22, 2013",0.507
"Aug 22, 2013",0.262
"Aug 29, 2013",0.631
"Aug 29, 2013",0.51
"Sep 6, 2013",0.485
"Sep 6, 2013",0.393
"Sep 7, 2013",0.358
"Sep 7, 2013",0.253
"Sep 14, 2013",0.583
"Sep 14, 2013",0.452
"Sep 22, 2013",0.505
"Sep 22, 2013",0.221
"Sep 23, 2013",0.306
"Sep 23, 2013",0.316
"Sep 30, 2013",0.571
"Sep 30, 2013",0.426
"Oct 1, 2013",0.222
"Oct 1, 2013",0.121
"Oct 8, 2013",0.552
"Oct 8, 2013",0.268
"Oct 9, 2013",0.285
"Oct 9, 2013",0.256
"Oct 16, 2013",0.576
"Oct 16, 2013",0.496
"Oct 24, 2013",0.513
"Oct 24, 2013",0.3
"Oct 25, 2013",0.34
"Oct 25, 2013",0.334
"Nov 1, 2013",0.554
"Nov 1, 2013",0.405
"Nov 2, 2013",0.26
"Nov 2, 2013",0.167
"Nov 9, 2013",0.435
"Nov 9, 2013",0.291
"Nov 10, 2013",0.396
"Nov 10, 2013",0.376
"Nov 17, 2013",0.546
"Nov 17, 2013",0.429
"Nov 18, 2013",0.235
"Nov 18, 2013",0.146
"Nov 25, 2013",0.496
"Nov 26, 2013",0.419
"Nov 26, 2013",0.421
"Dec 3, 2013",0.576
"Dec 3, 2013",0.449
"Dec 4, 2013",0.209
"Dec 4, 2013",0.077
"Dec 11, 2013",0.575
"Dec 11, 2013",0.384
"Dec 12, 2013",0.341
"Dec 19, 2013",0.524
"Dec 19, 2013",0.435
"Dec 20, 2013",0.21
"Dec 20, 2013",0.164
"Dec 27, 2013",0.427
"Dec 28, 2013",0.342
"Dec 28, 2013",0.37
"Jan 4, 2014",0.587
"Jan 4, 2014",0.451
"Jan 5, 2014",0.222
"Jan 5, 2014",0.109
"Jan 13, 2014",0.284
"Jan 13, 2014",0.276
"Jan 20, 2014",0.438
"Jan 21, 2014",0.135
"Jan 28, 2014",0.432
"Jan 29, 2014",0.302
"Jan 29, 2014",0.281
"Feb 5, 2014",0.36
"Feb 6, 2014",0.223
"Feb 6, 2014",0.15
"Feb 13, 2014",0.338
"Feb 13, 2014",0.206
"Feb 14, 2014",0.277
"Feb 14, 2014",0.262
"Feb 21, 2014",0.425
"Feb 22, 2014",0.175
"Feb 22, 2014",0.157
"Mar 1, 2014",0.325
"Mar 1, 2014",0.24
"Mar 2, 2014",0.316
"Mar 2, 2014",0.291
"Mar 9, 2014",0.443
"Mar 9, 2014",0.344
"Mar 17, 2014",0.397
"Mar 17, 2014",0.241
"Mar 18, 2014",0.3
"Mar 18, 2014",0.269
"Mar 25, 2014",0.47
"Mar 25, 2014",0.386
"Apr 2, 2014",0.342
"Apr 2, 2014",0.234
"Apr 3, 2014",0.309
"Apr 3, 2014",0.301
"Apr 10, 2014",0.476
"Apr 10, 2014",0.371
"Apr 18, 2014",0.376
"Apr 18, 2014",0.25
"Apr 19, 2014",0.319
"Apr 19, 2014",0.299
"Apr 26, 2014",0.472
"Apr 26, 2014",0.387
"May 4, 2014",0.322
"May 4, 2014",0.112
"May 5, 2014",0.351
"May 5, 2014",0.323
"May 12, 2014",0.617
"May 12, 2014",0.533
"May 13, 2014",0.26
"May 13, 2014",0.236
"May 20, 2014",
"May 21, 2014",0.502
"May 28, 2014",0.582
"May 28, 2014",0.471
"May 29, 2014",0.199
"Jun 5, 2014",0.529
"Jun 5, 2014",0.223
"Jun 6, 2014",0.445
"Jun 6, 2014",0.349
"Jun 13, 2014",0.552
"Jun 13, 2014",0.513
"Jun 14, 2014",0.332
"Jun 14, 2014",0.189
"Jun 21, 2014",0.495
"Jun 21, 2014",0.348
"Jun 22, 2014",0.41
"Jun 22, 2014",0.364
"Jun 29, 2014",0.615
"Jun 29, 2014",0.541
"Jun 30, 2014",0.364
"Jun 30, 2014",0.173
"Jul 7, 2014",0.464
"Jul 8, 2014",0.381
"Jul 8, 2014",0.324
"Jul 15, 2014",0.574
"Jul 15, 2014",0.479
"Jul 16, 2014",0.134
"Jul 23, 2014",0.571
"Jul 23, 2014",0.314
"Jul 24, 2014",0.378
"Jul 24, 2014",0.265
"Aug 1, 2014",0.28
"Aug 1, 2014",0.127
"Aug 8, 2014",0.571
"Aug 8, 2014",0.422
"Aug 9, 2014",0.518
"Aug 9, 2014",0.32
"Aug 16, 2014",0.61
"Aug 16, 2014",0.515
"Aug 17, 2014",0.242
"Aug 17, 2014",0.135
"Aug 24, 2014",0.457
"Aug 24, 2014",0.302
"Aug 25, 2014",0.396
"Aug 25, 2014",0.355
"Sep 1, 2014",0.662
"Sep 1, 2014",0.381
"Sep 2, 2014",0.224
"Sep 2, 2014",0.143
"Sep 9, 2014",0.034
"Sep 10, 2014",0.429
"Sep 10, 2014",0.293
"Sep 17, 2014",0.655
"Sep 17, 2014",0.398
"Sep 25, 2014",0.558
"Sep 25, 2014",0.25
"Sep 26, 2014",0.336
"Sep 26, 2014",0.268
"Oct 3, 2014",0.615
"Oct 3, 2014",0.455
"Oct 4, 2014",0.228
"Oct 11, 2014",0.549
"Oct 11, 2014",0.271
"Oct 12, 2014",0.278
"Oct 12, 2014",0.253
"Oct 19, 2014",0.582
"Oct 19, 2014",0.581
"Oct 20, 2014",0.243
"Oct 20, 2014",0.179
"Oct 27, 2014",0.533
"Oct 27, 2014",0.299
"Oct 28, 2014",0.352
"Oct 28, 2014",0.371
"Nov 4, 2014",0.6
"Nov 4, 2014",0.45
"Nov 5, 2014",0.28
"Nov 5, 2014",0.18
"Nov 12, 2014",0.449
"Nov 12, 2014",0.334
"Nov 13, 2014",0.455
"Nov 13, 2014",0.444
"Nov 20, 2014",0.57
"Nov 20, 2014",0.449
"Nov 28, 2014",0.558
"Nov 28, 2014",0.27
"Nov 29, 2014",0.457
"Nov 29, 2014",0.448
"Dec 6, 2014",0.654
"Dec 6, 2014",0.544
"Dec 7, 2014",0.282
"Dec 7, 2014",0.183
"Dec 14, 2014",0.485
"Dec 14, 2014",0.301
"Dec 15, 2014",0.431
"Dec 15, 2014",0.441
"Dec 23, 2014",0.095
"Dec 30, 2014",0.481
"Dec 31, 2014",0.325
"Dec 31, 2014",0.336
"Jan 7, 2015",0.539
"Jan 8, 2015",0.156
"Jan 8, 2015",0.079
"Jan 15, 2015",0.454
"Jan 15, 2015",0.303
"Jan 16, 2015",0.348
"Jan 16, 2015",0.36
"Jan 24, 2015",0.045
"Jan 31, 2015",0.297
"Jan 31, 2015",0.169
"Feb 9, 2015",0.025
"Feb 9, 2015",-0.066
"Feb 16, 2015",0.408
"Feb 16, 2015",0.149
"Feb 17, 2015",0.056
"Feb 24, 2015",0.394
"Feb 24, 2015",0.343
"Feb 25, 2015",0.162
"Feb 25, 2015",0.064
"Mar 4, 2015",0.297
"Mar 4, 2015",0.234
"Mar 5, 2015",0.268
"Mar 12, 2015",0.437
"Mar 12, 2015",0.306
"Mar 13, 2015",0.057
"Mar 13, 2015",0.038
"Mar 20, 2015",0.363
"Mar 20, 2015",0.211
"Mar 21, 2015",0.325
"Mar 21, 2015",0.31
"Mar 28, 2015",0.408
"Mar 28, 2015",0.344
"Mar 29, 2015",0.199
"Mar 29, 2015",0.157
"Apr 5, 2015",0.385
"Apr 5, 2015",0.211
"Apr 6, 2015",0.342
"Apr 6, 2015",0.336
"Apr 13, 2015",0.509
"Apr 13, 2015",0.43
"Apr 14, 2015",0.164
"Apr 14, 2015",0.1
"Apr 21, 2015",0.341
"Apr 21, 2015",0.211
"Apr 22, 2015",0.257
"Apr 22, 2015",0.248
"Apr 29, 2015",0.519
"Apr 29, 2015",
"Apr 30, 2015",0.185
"Apr 30, 2015",0.104
"May 7, 2015",0.212
"May 7, 2015",0.108
"May 8, 2015",0.362
"May 8, 2015",0.318
"May 15, 2015",0.478
"May 15, 2015",0.428
"May 16, 2015",0.275
"May 16, 2015",0.188
"May 23, 2015",0.434
"May 23, 2015",0.226
"May 24, 2015",0.247
"May 24, 2015",0.192
"May 31, 2015",0.437
"May 31, 2015",0.415
"Jun 8, 2015",0.463
"Jun 8, 2015",0.324
"Jun 9, 2015",0.436
"Jun 9, 2015",
"Jun 16, 2015",0.621
"Jun 16, 2015",0.509
"Jun 17, 2015",0.298
"Jun 17, 2015",0.159
"Jun 24, 2015",0.503
"Jun 24, 2015",0.159
"Jun 25, 2015",0.256
"Jun 25, 2015",0.225
"Jul 2, 2015",0.732
"Jul 10, 2015",-0.016
"Jul 11, 2015",0.568
"Jul 18, 2015",0.598
"Jul 18, 2015",0.524
"Jul 19, 2015",-0.12
"Jul 26, 2015",0.54
"Jul 26, 2015",0.381
"Jul 27, 2015",0.404
"Jul 27, 2015",0.315
"Aug 3, 2015",
"Aug 3, 2015",0.429
"Aug 4, 2015",0.275
"Aug 4, 2015",0.151
"Aug 11, 2015",0.546
"Aug 11, 2015",0.307
"Aug 12, 2015",0.357
"Aug 12, 2015",0.264
"Aug 19, 2015",0.632
"Aug 19, 2015",0.493
"Aug 20, 2015",0.618
"Aug 27, 2015",0.533
"Aug 27, 2015",0.266
"Sep 4, 2015",0.603
"Sep 4, 2015",0.367
"Sep 12, 2015",0.469
"Sep 12, 2015",0.421
"Sep 13, 2015",0.41
"Sep 13, 2015",0.451
"Sep 20, 2015",0.65
"Sep 20, 2015",0.318
"Sep 21, 2015",0.243
"Sep 21, 2015",0.02
"Sep 28, 2015",0.491
"Sep 28, 2015",0.301
"Sep 29, 2015",0.359
"Sep 29, 2015",0.287
"Oct 6, 2015",0.552
"Oct 6, 2015",0.48
"Oct 7, 2015",0.205
"Oct 7, 2015",0.109
"Oct 14, 2015",0.535
"Oct 14, 2015",0.304
"Oct 15, 2015",0.393
"Oct 15, 2015",0.425
"Oct 22, 2015",0.567
"Oct 22, 2015",0.448
"Oct 23, 2015",0.263
"Oct 23, 2015",0.178
"Oct 30, 2015",0.468
"Oct 30, 2015",0.26
"Oct 31, 2015",0.421
"Oct 31, 2015",0.354
"Nov 7, 2015",0.534
"Nov 7, 2015",0.397
"Nov 8, 2015",0.177
"Nov 8, 2015",0.087
"Nov 15, 2015",0.354
"Nov 15, 2015",0.237
"Nov 16, 2015",0.402
"Nov 16, 2015",0.381
"Nov 23, 2015",0.549
"Nov 23, 2015",0.493
"Nov 24, 2015",0.255
"Nov 24, 2015",0.113
"Dec 1, 2015",0.407
"Dec 1, 2015",0.277
"Dec 2, 2015",0.481
"Dec 2, 2015",0.464
"Dec 9, 2015",0.576
"Dec 9, 2015",0.502
"Dec 10, 2015",0.336
"Dec 10, 2015",0.244
"Dec 17, 2015",0.442
"Dec 17, 2015",0.32
"Dec 18, 2015",0.513
"Dec 18, 2015",0.513
"Dec 25, 2015",0.552
"Dec 25, 2015",0.42
"Dec 26, 2015",0.319
"Dec 26, 2015",0.189
"Jan 3, 2016",0.406
"Jan 3, 2016",0.422
"Jan 10, 2016",
"Jan 11, 2016",0.213
"Jan 11, 2016",0.129
"Jan 18, 2016",0.438
"Jan 18, 2016",0.257
"Jan 19, 2016",0.513
"Jan 26, 2016",0.561
"Jan 26, 2016",0.381
"Jan 27, 2016",0.226
"Jan 27, 2016",0.154
"Feb 3, 2016",0.421
"Feb 3, 2016",0.345
"Feb 4, 2016",0.294
"Feb 4, 2016",0.258
"Feb 11, 2016",0.514
"Feb 12, 2016",0.177
"Feb 12, 2016",0.104
"Feb 19, 2016",0.387
"Feb 20, 2016",0.258
"Feb 20, 2016",0.278
"Feb 27, 2016",
"Feb 27, 2016",0.333
"Feb 28, 2016",0.18
"Feb 28, 2016",0.106
"Mar 6, 2016",0.365
"Mar 6, 2016",0.239
"Mar 7, 2016",0.389
"Mar 7, 2016",0.373
"Mar 14, 2016",0.443
"Mar 14, 2016",0.321
"Mar 15, 2016",0.155
"Mar 15, 2016",0.083
"Mar 22, 2016",0.369
"Mar 22, 2016",0.299
"Mar 23, 2016",0.29
"Mar 23, 2016",0.29
"Mar 30, 2016",0.306
"Mar 31, 2016",0.152
"Mar 31, 2016",0.116
"Apr 7, 2016",0.355
"Apr 7, 2016",0.218
"Apr 8, 2016",0.282
"Apr 8, 2016",0.303
"Apr 15, 2016",0.471
"Apr 15, 2016",0.349
"Apr 16, 2016",0.174
"Apr 16, 2016",0.126
"Apr 23, 2016",0.291
"Apr 23, 2016",0.189
"Apr 24, 2016",0.205
"Apr 24, 2016",0.188
"May 1, 2016",0.464
"May 1, 2016",0.443
"May 2, 2016",0.195
"May 2, 2016",0.039
"May 9, 2016",0.332
"May 17, 2016",0.48
"May 17, 2016",0.431
"May 18, 2016",0.235
"May 18, 2016",0.099
"May 25, 2016",0.446
"May 25, 2016",0.282
"May 26, 2016",0.221
"May 26, 2016",0.229
"Jun 2, 2016",0.494
"Jun 2, 2016",0.397
"Jun 18, 2016",0.481
"Jun 18, 2016",0.361
"Jun 19, 2016",0.37
"Jun 19, 2016",0.276
"Jun 26, 2016",0.378
"Jun 27, 2016",0.514
"Jun 27, 2016",0.442
"Jul 4, 2016",0.517
"Jul 4, 2016",0.397
"Jul 5, 2016",
"Jul 5, 2016",
"Jul 12, 2016",0.45
"Jul 12, 2016",0.245
"Jul 13, 2016",0.447
"Jul 13, 2016",0.183
"Jul 20, 2016",0.503
"Jul 20, 2016",0.398
"Jul 21, 2016",0.293
"Jul 21, 2016",0.174
"Jul 28, 2016",0.459
"Jul 28, 2016",0.29
"Jul 29, 2016",0.314
"Jul 29, 2016",0.293
"Aug 5, 2016",0.435
"Aug 5, 2016",0.31
"Aug 6, 2016",0.28
"Aug 6, 2016",0.134
"Aug 13, 2016",0.415
"Aug 13, 2016",0.261
"Aug 14, 2016",0.353
"Aug 14, 2016",0.277
"Aug 21, 2016",0.428
"Aug 21, 2016",0.323
"Aug 22, 2016",0.272
"Aug 22, 2016",0.111
"Aug 29, 2016",0.373
"Aug 29, 2016",0.234
"Aug 30, 2016",0.309
"Aug 30, 2016",0.261
"Sep 6, 2016",0.484
"Sep 6, 2016",0.325
"Sep 7, 2016",0.21
"Sep 7, 2016",0.143
"Sep 14, 2016",
"Sep 14, 2016",
"Sep 15, 2016",0.392
"Sep 15, 2016",0.293
"Sep 22, 2016",0.539
"Sep 22, 2016",0.357
"Sep 23, 2016",0.239
"Sep 23, 2016",0.116
"Sep 30, 2016",0.447
"Sep 30, 2016",0.353
"Oct 1, 2016",0.364
"Oct 1, 2016",0.25
"Oct 8, 2016",0.476
"Oct 8, 2016",0.425
"Oct 9, 2016",0.198
"Oct 9, 2016",0.113
"Oct 16, 2016",0.422
"Oct 16, 2016",0.359
"Oct 17, 2016",0.291
"Oct 17, 2016",0.23
"Oct 24, 2016",0.467
"Oct 24, 2016",0.402
"Oct 25, 2016",0.229
"Oct 25, 2016",0.117
"Nov 1, 2016",0.368
"Nov 1, 2016",0.237
"Nov 2, 2016",0.333
"Nov 2, 2016",0.28
"Nov 9, 2016",0.471
"Nov 9, 2016",0.37
"Nov 10, 2016",0.224
"Nov 10, 2016",0.157
"Nov 17, 2016",0.346
"Nov 17, 2016",0.257
"Nov 18, 2016",0.295
"Nov 18, 2016",0.272
"Nov 25, 2016",0.468
"Nov 25, 2016",0.326
"Nov 26, 2016",0.212
"Nov 26, 2016",0.089
"Dec 3, 2016",0.385
"Dec 4, 2016",0.313
"Dec 4, 2016",0.287
"Dec 11, 2016",0.379
"Dec 11, 2016",0.342
"Dec 12, 2016",0.195
"Dec 12, 2016",0.114
"Dec 19, 2016",0.394
"Dec 19, 2016",0.248
"Dec 20, 2016",0.308
"Dec 20, 2016",0.305
"Dec 27, 2016",0.402
"Dec 27, 2016",0.312
"Dec 28, 2016",0.231
"Dec 28, 2016",0.175
"Jan 4, 2017",0.35
"Jan 4, 2017",0.211
"Jan 5, 2017",0.346
"Jan 5, 2017",0.341
"Jan 12, 2017",0.414
"Jan 12, 2017",0.339
"Jan 13, 2017",0.224
"Jan 13, 2017",0.129
"Jan 20, 2017",0.36
"Jan 20, 2017",0.184
"Jan 21, 2017",0.33
"Jan 21, 2017",0.325
"Jan 29, 2017",0.085
"Jan 29, 2017",0.008
"Feb 5, 2017",0.319
"Feb 5, 2017",0.196
"Feb 6, 2017",0.369
"Feb 13, 2017",0.328
"Feb 13, 2017",0.275
"Feb 14, 2017",0.125
"Feb 14, 2017",0.055
"Feb 21, 2017",0.346
"Feb 21, 2017",0.142
"Feb 22, 2017",0.402
"Feb 22, 2017",0.382
"Mar 1, 2017",0.421
"Mar 1, 2017",0.286
"Mar 2, 2017",0.12
"Mar 2, 2017",0.039
"Mar 9, 2017",0.294
"Mar 9, 2017",0.161
"Mar 10, 2017",0.233
"Mar 10, 2017",0.241
"Mar 17, 2017",0.409
"Mar 17, 2017",0.286
"Mar 18, 2017",0.159
"Mar 18, 2017",0.091
"Mar 25, 2017",0.295
"Mar 25, 2017",0.172
"Mar 26, 2017",0.33
"Mar 26, 2017",0.316
"Apr 2, 2017",0.393
"Apr 2, 2017",0.302
"Apr 3, 2017",0.143
"Apr 3, 2017",0.07
"Apr 10, 2017",0.274
"Apr 10, 2017",0.188
"Apr 11, 2017",0.308
"Apr 11, 2017",0.288
"Apr 18, 2017",0.383
"Apr 18, 2017",0.339
"Apr 19, 2017",0.177
"Apr 19, 2017",0.096
"Apr 26, 2017",0.283
"Apr 26, 2017",0.154
"Apr 27, 2017",0.334
"Apr 27, 2017",0.318
"May 4, 2017",0.505
"May 4, 2017",0.268
"May 5, 2017",0.214
"May 5, 2017",0.11
"May 12, 2017",0.347
"May 12, 2017",0.121
"May 13, 2017",0.35
"May 13, 2017",0.311
"May 20, 2017",0.57
"May 21, 2017",
"May 21, 2017",
"May 28, 2017",0.442
"May 28, 2017",0.264
"May 29, 2017",0.274
"May 29, 2017",0.297
"Jun 5, 2017",0.657
"Jun 5, 2017",0.672
"Jun 6, 2017",0.325
"Jun 6, 2017",0.181
"Jun 13, 2017",0.489
"Jun 13, 2017",0.638
"Jun 21, 2017",0.57
"Jun 21, 2017",0.453
"Jun 22, 2017",0.306
"Jun 22, 2017",0.141
"Jun 29, 2017",0.59
"Jun 29, 2017",0.051
"Jun 30, 2017",0.263
"Jun 30, 2017",0.204
"Jul 7, 2017",0.543
"Jul 7, 2017",0.509
"Jul 8, 2017",0.548
"Jul 8, 2017",0.299
"Jul 15, 2017",0.546
"Jul 15, 2017",0.356
"Jul 16, 2017",0.385
"Jul 16, 2017",0.325
"Jul 23, 2017",0.521
"Jul 23, 2017",0.429
"Jul 24, 2017",0.34
"Jul 24, 2017",0.341
"Jul 31, 2017",0.484
"Jul 31, 2017",0.412
"Aug 1, 2017",0.256
"Aug 1, 2017",0.161
"Aug 8, 2017",0.473
"Aug 8, 2017",0.416
"Aug 9, 2017",0.323
"Aug 9, 2017",0.152
"Aug 16, 2017",0.492
"Aug 16, 2017",0.318
"Aug 17, 2017",0.457
"Aug 17, 2017",0.454
"Aug 24, 2017",0.632
"Aug 24, 2017",0.534
"Aug 25, 2017",0.27
"Aug 25, 2017",0.172
"Sep 1, 2017",0.544
"Sep 1, 2017",0.426
"Sep 2, 2017",0.316
"Sep 2, 2017",0.269
"Sep 9, 2017",0.469
"Sep 9, 2017",0.394
"Sep 10, 2017",0.238
"Sep 10, 2017",0.117
"Sep 17, 2017",0.526
"Sep 17, 2017",0.308
"Sep 18, 2017",0.294
"Sep 18, 2017",0.241
"Sep 25, 2017",0.635
"Sep 25, 2017",0.442
"Sep 26, 2017",0.255
"Sep 26, 2017",0.143
"Oct 3, 2017",0.548
"Oct 3, 2017",0.373
"Oct 4, 2017",0.358
"Oct 4, 2017",0.345
"Oct 11, 2017",0.536
"Oct 11, 2017",0.531
"Oct 12, 2017",0.218
"Oct 12, 2017",0.109
"Oct 19, 2017",
"Oct 19, 2017",0.42
"Oct 20, 2017",0.366
"Oct 20, 2017",0.296
"Oct 27, 2017",0.507
"Oct 27, 2017",0.466
"Oct 28, 2017",0.182
"Oct 28, 2017",0.094
"Nov 4, 2017",0.436
"Nov 4, 2017",0.365
"Nov 5, 2017",0.404
"Nov 5, 2017",0.29
"Nov 12, 2017",0.566
"Nov 12, 2017",0.453
"Nov 13, 2017",0.244
"Nov 13, 2017",0.161
"Nov 20, 2017",0.51
"Nov 20, 2017",0.405
"Nov 21, 2017",0.389
"Nov 21, 2017",0.38
"Nov 28, 2017",0.562
"Nov 28, 2017",0.474
"Nov 29, 2017",0.217
"Nov 29, 2017",0.163
"Dec 6, 2017",0.452
"Dec 6, 2017",0.337
"Dec 7, 2017",0.257
"Dec 14, 2017",0.468
"Dec 14, 2017",0.45
"Dec 15, 2017",0.251
"Dec 15, 2017",0.152
"Dec 22, 2017",0.422
"Dec 22, 2017",0.32
"Dec 23, 2017",0.301
"Dec 23, 2017",0.278
"Dec 30, 2017",0.523
"Dec 31, 2017",0.159
"Dec 31, 2017",0.082
"Jan 7, 2018",0.372
"Jan 7, 2018",0.3
"Jan 8, 2018",0.391
"Jan 8, 2018",0.343
"Jan 15, 2018",0.376
"Jan 15, 2018",0.328
"Jan 16, 2018",0.329
"Jan 16, 2018",0.142
"Jan 24, 2018",0.293
"Jan 24, 2018",0.259
"Jan 31, 2018",0.656
"Jan 31, 2018",
"Feb 1, 2018",0.182
"Feb 8, 2018",0.328
"Feb 8, 2018",0.197
"Feb 9, 2018",0.341
"Feb 9, 2018",0.235
"Feb 16, 2018",0.366
"Feb 16, 2018",0.306
"Feb 17, 2018",0.153
"Feb 17, 2018",0.082
"Feb 24, 2018",0.282
"Feb 24, 2018",0.233
"Feb 25, 2018",0.324
"Feb 25, 2018",0.316
"Mar 5, 2018",0.204
"Mar 5, 2018",0.184
"Mar 13, 2018",0.345
"Mar 13, 2018",0.333
"Mar 20, 2018",0.45
"Mar 20, 2018",0.356
"Mar 21, 2018",0.176
"Mar 21, 2018",0.05
"Mar 28, 2018",0.363
"Mar 28, 2018",0.279
"Mar 29, 2018",0.309
"Mar 29, 2018",0.274
"Apr 5, 2018",0.426
"Apr 5, 2018",0.36
"Apr 6, 2018",0.181
"Apr 6, 2018",0.077
"Apr 13, 2018",0.381
"Apr 13, 2018",-0.015
"Apr 14, 2018",-0.032
"Apr 21, 2018",0.63
"Apr 21, 2018",0.586
"Apr 29, 2018",
"Apr 29, 2018",
"Apr 30, 2018",0.423
"Apr 30, 2018",0.233
"May 7, 2018",0.666
"May 15, 2018",0.48
"May 15, 2018",0.311
"May 16, 2018",
"May 16, 2018",0.278
"May 23, 2018",0.584
"May 23, 2018",0.482
"May 24, 2018",0.343
"May 24, 2018",0.23
"May 31, 2018",
"May 31, 2018",0.448
"Jun 1, 2018",0.454
"Jun 1, 2018",0.106
"Jun 8, 2018",0.541
"Jun 8, 2018",0.335
"Jun 9, 2018",0.299
"Jun 9, 2018",0.15
"Jun 16, 2018",0.46
"Jun 16, 2018",0.284
"Jun 17, 2018",0.251
"Jun 17, 2018",0.108
"Jun 24, 2018",0.558
"Jun 24, 2018",0.468
"Jun 25, 2018",0.344
"Jun 25, 2018",0.23
"Jul 2, 2018",0.004
"Jul 2, 2018",0.019
"Jul 3, 2018",0.388
"Jul 3, 2018",0.287
"Jul 10, 2018",0.54
"Jul 10, 2018",0.385
"Jul 11, 2018",0.323
"Jul 11, 2018",0.229
"Jul 18, 2018",0.473
"Jul 18, 2018",0.323
"Jul 19, 2018",0.306
"Jul 19, 2018",0.206
"Jul 26, 2018",0.661
"Jul 26, 2018",0.534
"Jul 27, 2018",0.342
"Jul 27, 2018",0.194
"Aug 3, 2018",0.483
"Aug 3, 2018",0.356
"Aug 11, 2018",0.589
"Aug 11, 2018",0.483
"Aug 12, 2018",0.33
"Aug 12, 2018",0.188
"Aug 19, 2018",0.516
"Aug 19, 2018",0.392
"Aug 20, 2018",0.511
"Aug 20, 2018",0.531
"Aug 27, 2018",0.637
"Aug 27, 2018",0.52
"Sep 4, 2018",0.346
"Sep 4, 2018",0.388
"Sep 5, 2018",0.731
"Sep 12, 2018",0.652
"Sep 12, 2018",0.403
"Sep 13, 2018",0.328
"Sep 13, 2018",0.185
"Sep 20, 2018",0.637
"Sep 20, 2018",0.294
"Sep 21, 2018",0.363
"Sep 21, 2018",0.262
"Sep 28, 2018",0.572
"Sep 28, 2018",
"Sep 29, 2018",0.284
"Sep 29, 2018",0.148
"Oct 6, 2018",0.603
"Oct 6, 2018",0.273
"Oct 7, 2018",0.45
"Oct 7, 2018",0.443
"Oct 14, 2018",0.641
"Oct 14, 2018",0.484
"Oct 15, 2018",0.297
"Oct 15, 2018",0.151
"Oct 22, 2018",0.572
"Oct 23, 2018",0.76
"Oct 30, 2018",0.629
"Oct 30, 2018",0.485
"Oct 31, 2018",0.199
"Oct 31, 2018",0.116
"Nov 7, 2018",0.566
"Nov 7, 2018",0.337
"Nov 8, 2018",0.452
"Nov 8, 2018",0.403
"Nov 15, 2018",0.624
"Nov 15, 2018",0.479
"Nov 16, 2018",0.256
"Nov 16, 2018",0.133
"Nov 23, 2018",0.394
"Nov 23, 2018",0.326
"Nov 24, 2018",0.464
"Nov 24, 2018",0.448
"Dec 1, 2018",0.543
"Dec 1, 2018",0.476
"Dec 2, 2018",0.287
"Dec 2, 2018",0.248
"Dec 9, 2018",0.414
"Dec 9, 2018",0.332
"Dec 10, 2018",0.472
"Dec 10, 2018",0.329
"Dec 17, 2018",0.571
"Dec 17, 2018",0.447
"Dec 18, 2018",0.248
"Dec 18, 2018",0.173
"Dec 25, 2018",0.447
"Dec 25, 2018",0.316
"Dec 26, 2018",0.5
"Dec 26, 2018",0.464
"Jan 2, 2019",0.497
"Jan 2, 2019",0.477
"Jan 3, 2019",0.194
"Jan 10, 2019",0.402
"Jan 11, 2019",0.445
"Jan 11, 2019",0.427
"Jan 18, 2019",0.505
"Jan 18, 2019",0.416
"Jan 19, 2019",0.224
"Jan 19, 2019",0.114
"Jan 27, 2019",0.328
"Jan 27, 2019",0.323
"Feb 3, 2019",0.629
"Feb 4, 2019",0.338
"Feb 11, 2019",0.379
"Feb 11, 2019",0.263
"Feb 12, 2019",0.298
"Feb 12, 2019",0.299
"Feb 19, 2019",0.394
"Feb 19, 2019",0.341
"Feb 20, 2019",0.205
"Feb 20, 2019",0.098
"Feb 27, 2019",
"Feb 28, 2019",0.336
"Feb 28, 2019",0.307
"Mar 7, 2019",
"Mar 8, 2019",0.065
"Mar 15, 2019",0.349
"Mar 16, 2019",0.236
"Mar 16, 2019",0.241
"Mar 23, 2019",0.333
"Mar 24, 2019",0.219
"Mar 24, 2019",0.143
"Mar 31, 2019",0.391
"Mar 31, 2019",0.2
"Apr 1, 2019",0.313
"Apr 1, 2019",0.303
"Apr 8, 2019",0.478
"Apr 8, 2019",0.325
"Apr 9, 2019",0.161
"Apr 9, 2019",0.072
"Apr 16, 2019",0.315
"Apr 16, 2019",0.231
"Apr 17, 2019",0.378
"Apr 17, 2019",0.368
"Apr 24, 2019",0.52
"Apr 24, 2019",
"May 2, 2019",0.322
"May 2, 2019",0.211
"May 3, 2019",0.308
"May 3, 2019",0.268
"May 10, 2019",0.416
"May 10, 2019",0.378
"May 11, 2019",0.147
"May 11, 2019",0.043
"May 19, 2019",0.468
"May 27, 2019",0.56
"Jun 3, 2019",0.511
"Jun 3, 2019",0.331
"Jun 4, 2019",0.388
"Jun 4, 2019",0.32
"Jun 11, 2019",0.642
"Jun 11, 2019",0.587
"Jun 12, 2019",0.23
"Jun 12, 2019",0.297
"Jun 19, 2019",0.493
"Jun 19, 2019",0.296
"Jun 20, 2019",0.201
"Jun 20, 2019",0.183
"Jun 27, 2019",0.549
"Jun 27, 2019",0.49
"Jun 28, 2019",0.317
"Jun 28, 2019",0.195
"Jul 5, 2019",0.515
"Jul 5, 2019",0.267
"Jul 6, 2019",0.363
"Jul 6, 2019",0.277
"Jul 13, 2019",0.683
"Jul 13, 2019",0.65
"Jul 21, 2019",0.467
"Jul 21, 2019",0.319
"Jul 22, 2019",0.26
"Jul 22, 2019",0.207
"Jul 29, 2019",0.505
"Jul 29, 2019",0.367
"Jul 30, 2019",0.38
"Aug 6, 2019",0.02
"Aug 6, 2019",0.021
"Aug 7, 2019",0.664
"Aug 7, 2019",0.676
"Aug 14, 2019",0.538
"Aug 14, 2019",0.412
"Aug 15, 2019",0.3
"Aug 15, 2019",0.151
"Aug 22, 2019",0.408
"Aug 22, 2019",0.259
"Aug 23, 2019",0.545
"Aug 30, 2019",0.639
"Aug 30, 2019",0.478
"Aug 31, 2019",0.248
"Aug 31, 2019",0.099
"Sep 7, 2019",0.485
"Sep 7, 2019",0.262
"Sep 8, 2019",0.44
"Sep 8, 2019",0.367
"Sep 15, 2019",0.615
"Sep 15, 2019",0.405
"Sep 16, 2019",0.273
"Sep 16, 2019",0.166
"Sep 23, 2019",0.507
"Sep 23, 2019",0.292
"Sep 24, 2019",0.409
"Sep 24, 2019",0.387
"Oct 1, 2019",0.61
"Oct 1, 2019",0.416
"Oct 2, 2019",0.158
"Oct 2, 2019",0.026
"Oct 9, 2019",0.587
"Oct 9, 2019",0.304
"Oct 10, 2019",0.436
"Oct 10, 2019",0.416
"Oct 17, 2019",0.656
"Oct 17, 2019",0.391
"Oct 18, 2019",0.201
"Oct 18, 2019",0.164
"Oct 25, 2019",0.101
"Oct 26, 2019",0.428
"Oct 26, 2019",0.391
"Nov 2, 2019",0.67
"Nov 2, 2019",0.556
"Nov 3, 2019",0.31
"Nov 3, 2019",0.21
"Nov 10, 2019",0.467
"Nov 10, 2019",0.391
"Nov 11, 2019",0.438
"Nov 11, 2019",0.271
"Nov 19, 2019",0.368
"Nov 19, 2019",0.293
"Nov 26, 2019",0.501
"Nov 26, 2019",0.468
"Nov 27, 2019",0.536
"Nov 27, 2019",0.528
"Dec 4, 2019",0.607
"Dec 4, 2019",0.492
"Dec 5, 2019",0.36
"Dec 5, 2019",0.266
"Dec 12, 2019",0.466
"Dec 12, 2019",0.36
"Dec 13, 2019",0.515
"Dec 13, 2019",0.492
"Dec 21, 2019",0.333
"Dec 21, 2019",0.262
"Dec 28, 2019",0.542
"Dec 29, 2019",0.46
"Dec 29, 2019",0.416
"Jan 5, 2020",0.629
"Jan 5, 2020",0.338
"Jan 6, 2020",0.358
"Jan 6, 2020",0.282
"Jan 13, 2020",0.592
"Jan 14, 2020",0.367
"Jan 21, 2020",0.577
"Jan 21, 2020",0.451
"Jan 22, 2020",
"Jan 22, 2020",
"Jan 30, 2020",0.43
"Jan 30, 2020",0.457
"Feb 6, 2020",0.566
"Feb 6, 2020",0.443
"Feb 7, 2020",0.299
"Feb 7, 2020",0.216
"Feb 14, 2020",0.553
"Feb 14, 2020",0.357
"Feb 15, 2020",
"Feb 22, 2020",0.626
"Feb 22, 2020",0.544
"Feb 23, 2020",0.188
"Feb 23, 2020",0.108
"Mar 1, 2020",0.436
"Mar 1, 2020",0.207
"Mar 2, 2020",0.273
"Mar 2, 2020",0.359
"Mar 9, 2020",0.427
"Mar 9, 2020",0.411
"Mar 10, 2020",0.275
"Mar 10, 2020",0.133
"Mar 17, 2020",0.368
"Mar 18, 2020",0.363
"Mar 18, 2020",0.384
"Mar 25, 2020",0.551
"Mar 25, 2020",0.431
"Mar 26, 2020",0.137
"Mar 26, 2020",0.1
"Apr 2, 2020",0.47
"Apr 2, 2020",0.363
"Apr 3, 2020",0.368
"Apr 3, 2020",0.379
"Apr 10, 2020",0.655
"Apr 10, 2020",0.492
"Apr 11, 2020",0.289
"Apr 18, 2020",0.336
"Apr 18, 2020",0.326
"Apr 26, 2020",0.549
"Apr 26, 2020",0.46
"Apr 27, 2020",0.245
"Apr 27, 2020",0.213
"May 4, 2020",0.443
"May 4, 2020",0.326
"May 5, 2020",0.477
"May 5, 2020",0.524
"May 12, 2020",0.761
"May 12, 2020",-0.009
"May 13, 2020",0.422
"May 13, 2020",0.19
"May 28, 2020",0.49
"May 28, 2020",0.478
"May 29, 2020",0.35
"May 29, 2020",0.224
"Jun 5, 2020",0.48
"Jun 5, 2020",0.507
"Jun 13, 2020",0.52
"Jun 13, 2020",0.482
"Jun 14, 2020",0.308
"Jun 14, 2020",0.225
"Jun 21, 2020",0.49
"Jun 21, 2020",0.36
"Jun 22, 2020",0.466
"Jun 22, 2020",0.369
"Jun 29, 2020",0.527
"Jun 29, 2020",0.564
"Jun 30, 2020",0.19
"Jun 30, 2020",0.101
"Jul 7, 2020",0.413
"Jul 7, 2020",0.243
"Jul 8, 2020",0.392
"Jul 8, 2020",0.638
"Jul 15, 2020",
"Jul 15, 2020",0.335
"Jul 16, 2020",0.216
"Jul 16, 2020",0.231
"Jul 23, 2020",0.418
"Jul 23, 2020",0.254
"Jul 24, 2020",0.305
"Jul 24, 2020",0.243
"Aug 1, 2020",0.288
"Aug 1, 2020",0.117
"Aug 8, 2020",0.625
"Aug 8, 2020",0.452
"Aug 9, 2020",0.54
"Aug 9, 2020",-0.04
"Aug 16, 2020",0.703
"Aug 16, 2020",0.658
"Aug 17, 2020",0.056
"Aug 24, 2020",0.458
"Aug 24, 2020",0.303
"Aug 25, 2020",0.387
"Aug 25, 2020",0.355
"Sep 1, 2020",0.481
"Sep 1, 2020",0.357
"Sep 2, 2020",0.272
"Sep 2, 2020",0.122
"Sep 9, 2020",0.467
"Sep 9, 2020",0.296
"Sep 10, 2020",0.563
"Sep 10, 2020",0.376
"Sep 17, 2020",0.601
"Sep 17, 2020",0.463
"Sep 18, 2020",0.083
"Sep 25, 2020",0.4
"Sep 25, 2020",0.289
"Sep 26, 2020",0.389
"Sep 26, 2020",0.323
"Oct 3, 2020",0.628
"Oct 3, 2020",0.481
"Oct 4, 2020",0.27
"Oct 4, 2020",0.13
"Oct 11, 2020",0.39
"Oct 11, 2020",0.297
"Oct 12, 2020",0.422
"Oct 12, 2020",0.425
"Oct 19, 2020",0.617
"Oct 19, 2020",0.537
"Oct 20, 2020",0.212
"Oct 20, 2020",0.08
"Oct 27, 2020",0.394
"Oct 27, 2020",0.235
"Oct 28, 2020",0.319
"Oct 28, 2020",0.267
"Nov 5, 2020",0.186
"Nov 12, 2020",0.426
"Nov 12, 2020",0.307
"Nov 20, 2020",0.538
"Nov 20, 2020",0.452
"Nov 21, 2020",0.295
"Nov 21, 2020",0.206
"Nov 28, 2020",0.457
"Nov 28, 2020",0.336
"Nov 29, 2020",0.469
"Nov 29, 2020",0.458
"Dec 6, 2020",0.526
"Dec 6, 2020",0.447
"Dec 7, 2020",0.229
"Dec 7, 2020",0.137
"Dec 14, 2020",0.462
"Dec 14, 2020",0.332
"Dec 15, 2020",0.395
"Dec 15, 2020",0.394
"Dec 23, 2020",0.254
"Dec 23, 2020",0.133
"Dec 30, 2020",0.468
"Dec 31, 2020",0.377
"Dec 31, 2020",0.327
"Jan 7, 2021",0.513
"Jan 7, 2021",0.425
"Jan 8, 2021",0.153
"Jan 8, 2021",0.055
"Jan 16, 2021",0.221
"Jan 16, 2021",0.23
"Jan 23, 2021",0.386
"Jan 23, 2021",0.369
"Jan 24, 2021",0.163
"Jan 24, 2021",0.121
"Jan 31, 2021",0.363
"Jan 31, 2021",0.269
"Feb 1, 2021",0.271
"Feb 1, 2021",0.27
"Feb 9, 2021",0.174
"Feb 9, 2021",
"Feb 16, 2021",0.287
"Feb 17, 2021",0.305
"Feb 17, 2021",0.263
"Feb 24, 2021",
"Feb 25, 2021",0.149
"Feb 25, 2021",0.068
"Mar 4, 2021",0.342
"Mar 4, 2021",0.254
"Mar 5, 2021",0.305
"Mar 5, 2021",0.294
"Mar 12, 2021",0.436
"Mar 12, 2021",0.31
"Mar 13, 2021",0.121
"Mar 13, 2021",0.06
"Mar 20, 2021",0.333
"Mar 20, 2021",0.235
"Mar 21, 2021",0.354
"Mar 21, 2021",0.352
"Mar 28, 2021",0.403
"Mar 28, 2021",0.377
"Apr 5, 2021",0.317
"Apr 5, 2021",0.286
"Apr 6, 2021",0.324
"Apr 6, 2021",0.33
"Apr 13, 2021",0.503
"Apr 13, 2021",0.427
"Apr 14, 2021",0.218
"Apr 14, 2021",0.097
"Apr 21, 2021",0.334
"Apr 21, 2021",0.204
"Apr 22, 2021",0.363
"Apr 22, 2021",0.309
"Apr 29, 2021",0.461
"Apr 29, 2021",0.359
"Apr 30, 2021",0.129
"Apr 30, 2021",0.039
"May 7, 2021",0.318
"May 7, 2021",0.172
"May 8, 2021",0.415
"May 8, 2021",0.153
"May 15, 2021",0.45
"May 15, 2021",0.463
"May 16, 2021",0.182
"May 16, 2021",0.032
"May 23, 2021",0.326
"May 23, 2021",0.142
"May 24, 2021",0.222
"May 24, 2021",0.13
"May 31, 2021",0.565
"May 31, 2021",0.455
"Jun 1, 2021",0.276
"Jun 1, 2021",0.148
"Jun 8, 2021",0.386
"Jun 8, 2021",0.218
"Jun 9, 2021",0.248
"Jun 16, 2021",0.516
"Jun 16, 2021",0.419
"Jun 17, 2021",0.34
"Jun 17, 2021",0.208
"Jun 24, 2021",0.442
"Jun 24, 2021",0.213
"Jun 25, 2021",0.404
"Jun 25, 2021",0.314
"Jul 2, 2021",0.583
"Jul 2, 2021",0.444
"Jul 3, 2021",0.429
"Jul 11, 2021",0.365
"Jul 11, 2021",0.299
"Jul 18, 2021",0.489
"Jul 18, 2021",0.337
"Jul 19, 2021",0.294
"Jul 19, 2021",0.131
"Jul 26, 2021",0.423
"Jul 26, 2021",0.227
"Aug 3, 2021",0.512
"Aug 3, 2021",0.312
"Aug 4, 2021",0.367
"Aug 4, 2021",0.194
"Aug 11, 2021",0.359
"Aug 11, 2021",0.218
"Aug 12, 2021",
"Aug 19, 2021",0.597
"Aug 19, 2021",0.316
"Aug 27, 2021",0.298
"Aug 27, 2021",0.142
"Aug 28, 2021",0.254
"Aug 28, 2021",0.164
"Sep 4, 2021",0.526
"Sep 4, 2021",0.335
"Sep 5, 2021",0.125
"Sep 5, 2021",0.082
"Sep 12, 2021",0.273
"Sep 12, 2021",0.128
"Sep 13, 2021",0.264
"Sep 20, 2021",0.502
"Sep 20, 2021",0.355
"Sep 21, 2021",0.191
"Sep 21, 2021",0.064
"Sep 28, 2021",0.28
"Sep 28, 2021",0.145
"Sep 29, 2021",-0.298
"Oct 6, 2021",0.481
"Oct 6, 2021",0.377
"Oct 7, 2021",0.191
"Oct 7, 2021",0.051
"Oct 14, 2021",0.279
"Oct 14, 2021",0.097
"Oct 15, 2021",0.401
"Oct 15, 2021",0.362
"Oct 22, 2021",0.46
"Oct 22, 2021",0.373
"Oct 23, 2021",0.134
"Oct 23, 2021",0.013
"Oct 30, 2021",0.302
"Oct 30, 2021",0.201
"Oct 31, 2021",0.339
"Oct 31, 2021",0.324
"Nov 7, 2021",0.44
"Nov 7, 2021",0.317
"Nov 8, 2021",0.135
"Nov 8, 2021",0.036
"Nov 15, 2021",0.281
"Nov 15, 2021",0.175
"Nov 16, 2021",0.325
"Nov 16, 2021",0.32
"Nov 23, 2021",0.398
"Nov 23, 2021",0.337
"Nov 24, 2021",0.063
"Dec 1, 2021",0.277
"Dec 1, 2021",0.154
"Dec 2, 2021",0.369
"Dec 2, 2021",0.349
"Dec 9, 2021",0.338
"Dec 9, 2021",0.336
"Dec 10, 2021",0.195
"Dec 10, 2021",0.092
"Dec 10, 2021",0.424
"Dec 17, 2021",0.403
"Dec 17, 2021",0.126
"Dec 17, 2021",0.529
"Dec 17, 2021",0.337
"Dec 18, 2021",0.39
"Dec 25, 2021",0.481
"Dec 25, 2021",0.369
"Dec 26, 2021",0.284
"Dec 26, 2021",0.19
"Dec 26, 2021",0.453
"Jan 2, 2022",0.464
"Jan 2, 2022",0.3
"Jan 2, 2022",0.529
"Jan 2, 2022",0.377
"Jan 3, 2022",0.374
"Jan 3, 2022",0.359
"Jan 10, 2022",0.529
"Jan 10, 2022",0.402
"Jan 11, 2022",0.407
"Jan 18, 2022",0.478
"Jan 18, 2022",0.337
"Jan 18, 2022",0.495
"Jan 18, 2022",0.393
"Jan 19, 2022",0.344
"Jan 19, 2022",0.336
"Jan 26, 2022",0.55
"Jan 26, 2022",0.401
"Jan 27, 2022",0.189
"Jan 27, 2022",0.392
"Feb 3, 2022",0.317
"Feb 3, 2022",0.558
"Feb 4, 2022",0.323
"Feb 4, 2022",0.33
"Feb 11, 2022",0.448
"Feb 11, 2022",0.306
"Feb 12, 2022",0.113
"Feb 12, 2022",0.338
"Feb 19, 2022",0.331
"Feb 19, 2022",0.139
"Feb 19, 2022",0.472
"Feb 19, 2022",0.313
"Feb 20, 2022",0.207
"Feb 28, 2022",0.241
"Feb 28, 2022",0.091
"Feb 28, 2022",0.222
"Mar 7, 2022",0.203
"Mar 7, 2022",0.469
"Mar 8, 2022",0.21
"Mar 8, 2022",0.174
"Mar 15, 2022",0.496
"Mar 15, 2022",0.317
"Mar 16, 2022",0.115
"Mar 23, 2022",0.311
"Mar 23, 2022",0.193
"Mar 23, 2022",0.487
"Mar 23, 2022",0.345
"Mar 24, 2022",0.287
"Mar 24, 2022",0.31
"Mar 31, 2022",0.36
"Apr 1, 2022",0.17
"Apr 1, 2022",0.114
"Apr 1, 2022",0.299
"Apr 9, 2022",0.315
"Apr 9, 2022",0.304
"Apr 16, 2022",0.468
"Apr 16, 2022",
"Apr 17, 2022",0.321
"Apr 24, 2022",0.399
"Apr 24, 2022",0.321
"Apr 25, 2022",0.348
"Apr 25, 2022",0.338
"May 3, 2022",-0.003
